threshold,precision,recall,f1_score,accuracy,false_positives_fp,false_negatives_fn,true_positives_tp,true_negatives_tn,pr_auc
0.1,0.5301,0.8627,0.6567,0.9693,39,7,44,1410,0.7449
0.11,0.5301,0.8627,0.6567,0.9693,39,7,44,1410,0.7449
0.12,0.5301,0.8627,0.6567,0.9693,39,7,44,1410,0.7449
0.13,0.5443,0.8431,0.6615,0.9707,36,8,43,1413,0.7449
0.14,0.5584,0.8431,0.6719,0.972,34,8,43,1415,0.7449
0.15,0.5811,0.8431,0.688,0.974,31,8,43,1418,0.7449
0.16,0.589,0.8431,0.6935,0.9747,30,8,43,1419,0.7449
0.17,0.589,0.8431,0.6935,0.9747,30,8,43,1419,0.7449
0.18,0.5833,0.8235,0.6829,0.974,30,9,42,1419,0.7449
0.19,0.5915,0.8235,0.6885,0.9747,29,9,42,1420,0.7449
0.2,0.6,0.8235,0.6942,0.9753,28,9,42,1421,0.7449
0.21,0.6,0.8235,0.6942,0.9753,28,9,42,1421,0.7449
0.22,0.6087,0.8235,0.7,0.976,27,9,42,1422,0.7449
0.23,0.6119,0.8039,0.6949,0.976,26,10,41,1423,0.7449
0.24,0.6212,0.8039,0.7009,0.9767,25,10,41,1424,0.7449
0.25,0.6308,0.8039,0.7069,0.9773,24,10,41,1425,0.7449
0.26,0.6308,0.8039,0.7069,0.9773,24,10,41,1425,0.7449
0.27,0.6308,0.8039,0.7069,0.9773,24,10,41,1425,0.7449
0.28,0.6508,0.8039,0.7193,0.9787,22,10,41,1427,0.7449
0.29,0.6557,0.7843,0.7143,0.9787,21,11,40,1428,0.7449
0.3,0.6557,0.7843,0.7143,0.9787,21,11,40,1428,0.7449
0.31,0.678,0.7843,0.7273,0.98,19,11,40,1430,0.7449
0.32,0.678,0.7843,0.7273,0.98,19,11,40,1430,0.7449
0.33,0.678,0.7843,0.7273,0.98,19,11,40,1430,0.7449
0.34,0.678,0.7843,0.7273,0.98,19,11,40,1430,0.7449
0.35,0.678,0.7843,0.7273,0.98,19,11,40,1430,0.7449
0.36,0.678,0.7843,0.7273,0.98,19,11,40,1430,0.7449
0.37,0.678,0.7843,0.7273,0.98,19,11,40,1430,0.7449
0.38,0.7018,0.7843,0.7407,0.9813,17,11,40,1432,0.7449
0.39,0.7018,0.7843,0.7407,0.9813,17,11,40,1432,0.7449
0.4,0.7018,0.7843,0.7407,0.9813,17,11,40,1432,0.7449
0.41,0.7143,0.7843,0.7477,0.982,16,11,40,1433,0.7449
0.42,0.7143,0.7843,0.7477,0.982,16,11,40,1433,0.7449
0.43,0.7143,0.7843,0.7477,0.982,16,11,40,1433,0.7449
0.44,0.7143,0.7843,0.7477,0.982,16,11,40,1433,0.7449
0.45,0.7091,0.7647,0.7358,0.9813,16,12,39,1433,0.7449
0.46,0.7222,0.7647,0.7429,0.982,15,12,39,1434,0.7449
0.47,0.717,0.7451,0.7308,0.9813,15,13,38,1434,0.7449
0.48,0.717,0.7451,0.7308,0.9813,15,13,38,1434,0.7449
0.49,0.717,0.7451,0.7308,0.9813,15,13,38,1434,0.7449
0.5,0.7451,0.7451,0.7451,0.9827,13,13,38,1436,0.7449
0.51,0.7451,0.7451,0.7451,0.9827,13,13,38,1436,0.7449
0.52,0.7451,0.7451,0.7451,0.9827,13,13,38,1436,0.7449
0.53,0.7451,0.7451,0.7451,0.9827,13,13,38,1436,0.7449
0.54,0.7451,0.7451,0.7451,0.9827,13,13,38,1436,0.7449
0.55,0.7451,0.7451,0.7451,0.9827,13,13,38,1436,0.7449
0.56,0.7451,0.7451,0.7451,0.9827,13,13,38,1436,0.7449
0.57,0.7451,0.7451,0.7451,0.9827,13,13,38,1436,0.7449
0.58,0.7451,0.7451,0.7451,0.9827,13,13,38,1436,0.7449
0.59,0.7451,0.7451,0.7451,0.9827,13,13,38,1436,0.7449
0.6,0.7451,0.7451,0.7451,0.9827,13,13,38,1436,0.7449
0.61,0.7451,0.7451,0.7451,0.9827,13,13,38,1436,0.7449
0.62,0.7451,0.7451,0.7451,0.9827,13,13,38,1436,0.7449
0.63,0.7451,0.7451,0.7451,0.9827,13,13,38,1436,0.7449
0.64,0.7451,0.7451,0.7451,0.9827,13,13,38,1436,0.7449
0.65,0.7451,0.7451,0.7451,0.9827,13,13,38,1436,0.7449
0.66,0.7451,0.7451,0.7451,0.9827,13,13,38,1436,0.7449
0.67,0.76,0.7451,0.7525,0.9833,12,13,38,1437,0.7449
0.68,0.76,0.7451,0.7525,0.9833,12,13,38,1437,0.7449
0.69,0.76,0.7451,0.7525,0.9833,12,13,38,1437,0.7449
0.7,0.7755,0.7451,0.76,0.984,11,13,38,1438,0.7449
0.71,0.7755,0.7451,0.76,0.984,11,13,38,1438,0.7449
0.72,0.7872,0.7255,0.7551,0.984,10,14,37,1439,0.7449
0.73,0.7872,0.7255,0.7551,0.984,10,14,37,1439,0.7449
0.74,0.7872,0.7255,0.7551,0.984,10,14,37,1439,0.7449
0.75,0.7872,0.7255,0.7551,0.984,10,14,37,1439,0.7449
0.76,0.7778,0.6863,0.7292,0.9827,10,16,35,1439,0.7449
0.77,0.7778,0.6863,0.7292,0.9827,10,16,35,1439,0.7449
0.78,0.7778,0.6863,0.7292,0.9827,10,16,35,1439,0.7449
0.79,0.7778,0.6863,0.7292,0.9827,10,16,35,1439,0.7449
0.8,0.7778,0.6863,0.7292,0.9827,10,16,35,1439,0.7449
0.81,0.7727,0.6667,0.7158,0.982,10,17,34,1439,0.7449
0.82,0.7727,0.6667,0.7158,0.982,10,17,34,1439,0.7449
0.83,0.7727,0.6667,0.7158,0.982,10,17,34,1439,0.7449
0.84,0.7674,0.6471,0.7021,0.9813,10,18,33,1439,0.7449
0.85,0.7857,0.6471,0.7097,0.982,9,18,33,1440,0.7449
0.86,0.8049,0.6471,0.7174,0.9827,8,18,33,1441,0.7449
0.87,0.8049,0.6471,0.7174,0.9827,8,18,33,1441,0.7449
0.88,0.8049,0.6471,0.7174,0.9827,8,18,33,1441,0.7449
0.89,0.8049,0.6471,0.7174,0.9827,8,18,33,1441,0.7449
0.9,0.8049,0.6471,0.7174,0.9827,8,18,33,1441,0.7449
